p,a,fx,mean_total_J
1e-1,1e-1,1e-10,233.13853231801312
1e-1,1e-10,1e-10,256.7425831694467
1e-1,1e-2,1e-10,255.6834976280303
1e-1,1e-3,1e-10,182.97258373884873
1e-1,1e-4,1e-10,221.52677760004747
1e-1,1e-5,1e-10,266.9466713374966
1e-1,1e-6,1e-10,235.49572104637969
1e-1,1e-7,1e-10,163.85620577138863
1e-1,1e-8,1e-10,191.09403488753983
1e-1,1e-9,1e-10,273.61775295664916
1e-10,1e-1,1e-10,341.2869739835436
1e-10,1e-10,1e-10,315.28663148061037
1e-10,1e-2,1e-10,355.47025223031255
1e-10,1e-3,1e-10,314.4465725184567
1e-10,1e-4,1e-10,320.7182937966543
1e-10,1e-5,1e-10,346.6185225797649
1e-10,1e-6,1e-10,339.67867367700086
1e-10,1e-7,1e-10,319.29409032265283
1e-10,1e-8,1e-10,361.92965489488233
1e-10,1e-9,1e-10,335.59020430101793
1e-2,1e-1,1e-10,340.22032168632796
1e-2,1e-10,1e-10,317.31307801801336
1e-2,1e-2,1e-10,338.11429048665747
1e-2,1e-3,1e-10,330.5321989617873
1e-2,1e-4,1e-10,303.17869367256037
1e-2,1e-5,1e-10,308.1627123267607
1e-2,1e-6,1e-10,325.0491522780862
1e-2,1e-7,1e-10,303.61760027767264
1e-2,1e-8,1e-10,323.343663146337
1e-2,1e-9,1e-10,337.99443816033994
1e-3,1e-1,1e-10,336.7187496395359
1e-3,1e-10,1e-10,349.42932208796213
1e-3,1e-2,1e-10,326.5724886554344
1e-3,1e-3,1e-10,332.47217075323465
1e-3,1e-4,1e-10,353.2738239798781
1e-3,1e-5,1e-10,307.57419728228217
1e-3,1e-6,1e-10,335.79704203424274
1e-3,1e-7,1e-10,328.13367511635204
1e-3,1e-8,1e-10,317.71994943433396
1e-3,1e-9,1e-10,337.3277556680558
1e-4,1e-1,1e-10,406.0256094942579
1e-4,1e-10,1e-10,310.73302153984173
1e-4,1e-2,1e-10,346.9576432846218
1e-4,1e-3,1e-10,346.27362355040617
1e-4,1e-4,1e-10,359.33588123274717
1e-4,1e-5,1e-10,319.7285602890359
1e-4,1e-6,1e-10,330.1030680514123
1e-4,1e-7,1e-10,361.5153831347659
1e-4,1e-8,1e-10,328.9060682532636
1e-4,1e-9,1e-10,342.11829046572984
1e-5,1e-1,1e-10,357.4791788281549
1e-5,1e-10,1e-10,335.03014452060506
1e-5,1e-2,1e-10,350.9587284071662
1e-5,1e-3,1e-10,333.9537608844511
1e-5,1e-4,1e-10,318.85650654691403
1e-5,1e-5,1e-10,321.6232870510792
1e-5,1e-6,1e-10,364.4060755299757
1e-5,1e-7,1e-10,319.59496027233877
1e-5,1e-8,1e-10,329.1109746518439
1e-5,1e-9,1e-10,339.45104273946123
1e-6,1e-1,1e-10,345.1095138462322
1e-6,1e-10,1e-10,337.64195071560016
1e-6,1e-2,1e-10,316.5041373780871
1e-6,1e-3,1e-10,313.2516898733504
1e-6,1e-4,1e-10,300.8419304511121
1e-6,1e-5,1e-10,307.25319714271086
1e-6,1e-6,1e-10,317.8811713275214
1e-6,1e-7,1e-10,369.66366730051914
1e-6,1e-8,1e-10,320.7700409347667
1e-6,1e-9,1e-10,311.4750010356249
1e-7,1e-1,1e-10,338.33849467882555
1e-7,1e-10,1e-10,363.6777561156535
1e-7,1e-2,1e-10,313.51630507284403
1e-7,1e-3,1e-10,346.5764547022402
1e-7,1e-4,1e-10,347.6491531149603
1e-7,1e-5,1e-10,325.2612376020917
1e-7,1e-6,1e-10,299.205096896073
1e-7,1e-7,1e-10,341.83835496743114
1e-7,1e-8,1e-10,338.29381949451187
1e-7,1e-9,1e-10,355.5537083787786
1e-8,1e-1,1e-10,364.7666479359627
1e-8,1e-10,1e-10,308.3867775595008
1e-8,1e-2,1e-10,311.6130889501916
1e-8,1e-3,1e-10,336.174336231634
1e-8,1e-4,1e-10,359.42321850741575
1e-8,1e-5,1e-10,301.9005435994245
1e-8,1e-6,1e-10,308.6677933841564
1e-8,1e-7,1e-10,345.6842859933831
1e-8,1e-8,1e-10,308.07769463355896
1e-8,1e-9,1e-10,360.20049676026156
1e-9,1e-1,1e-10,335.59005603024536
1e-9,1e-10,1e-10,326.5986160180936
1e-9,1e-2,1e-10,336.84478866177847
1e-9,1e-3,1e-10,309.1829611891002
1e-9,1e-4,1e-10,333.1403136788644
1e-9,1e-5,1e-10,334.01738796812873
1e-9,1e-6,1e-10,320.2460022033364
1e-9,1e-7,1e-10,330.64156062563984
1e-9,1e-8,1e-10,337.95487922537956
1e-9,1e-9,1e-10,278.9292234661791
1e-1,1e-1,1e-9,268.24499634737276
1e-1,1e-10,1e-9,205.61871158176032
1e-1,1e-2,1e-9,229.6905243663977
1e-1,1e-3,1e-9,252.15592279985574
1e-1,1e-4,1e-9,226.06018035340452
1e-1,1e-5,1e-9,300.1866159131821
1e-1,1e-6,1e-9,259.832699985387
1e-1,1e-7,1e-9,312.79410320744256
1e-1,1e-8,1e-9,218.1088464068334
1e-1,1e-9,1e-9,246.13404749961745
1e-10,1e-1,1e-9,344.41408944377844
1e-10,1e-10,1e-9,312.8625574806687
1e-10,1e-2,1e-9,367.6196041451565
1e-10,1e-3,1e-9,328.1230645354319
1e-10,1e-4,1e-9,338.40354256716364
1e-10,1e-5,1e-9,381.84479317407636
1e-10,1e-6,1e-9,363.1357021075719
1e-10,1e-7,1e-9,358.2857152445851
1e-10,1e-8,1e-9,377.90602581277335
1e-10,1e-9,1e-9,315.1086572427213
1e-2,1e-1,1e-9,372.72560730102475
1e-2,1e-10,1e-9,339.76885315849404
1e-2,1e-2,1e-9,301.4594255337795
1e-2,1e-3,1e-9,326.6701963549915
1e-2,1e-4,1e-9,321.70435212759793
1e-2,1e-5,1e-9,313.08225169913663
1e-2,1e-6,1e-9,329.2572837158481
1e-2,1e-7,1e-9,359.61882348857836
1e-2,1e-8,1e-9,308.2473324072907
1e-2,1e-9,1e-9,305.5025672251995
1e-3,1e-1,1e-9,357.6572269585329
1e-3,1e-10,1e-9,329.7158024144795
1e-3,1e-2,1e-9,306.613816808109
1e-3,1e-3,1e-9,349.659991546353
1e-3,1e-4,1e-9,334.19978642195485
1e-3,1e-5,1e-9,352.7727367790628
1e-3,1e-6,1e-9,342.0214783602246
1e-3,1e-7,1e-9,343.61112376929856
1e-3,1e-8,1e-9,346.4641431572122
1e-3,1e-9,1e-9,325.4358082597013
1e-4,1e-1,1e-9,366.0458538711794
1e-4,1e-10,1e-9,321.434135872448
1e-4,1e-2,1e-9,340.17190575760526
1e-4,1e-3,1e-9,333.6402879772175
1e-4,1e-4,1e-9,329.2181187498095
1e-4,1e-5,1e-9,344.4255526605259
1e-4,1e-6,1e-9,350.49073996915195
1e-4,1e-7,1e-9,356.7092285026039
1e-4,1e-8,1e-9,370.58140515250955
1e-4,1e-9,1e-9,323.12653573235895
1e-5,1e-1,1e-9,350.88279421136883
1e-5,1e-10,1e-9,357.5347790426368
1e-5,1e-2,1e-9,337.08902997782207
1e-5,1e-3,1e-9,335.96344316776845
1e-5,1e-4,1e-9,331.4994420545049
1e-5,1e-5,1e-9,333.33239171816945
1e-5,1e-6,1e-9,343.34770720499114
1e-5,1e-7,1e-9,340.4883458112712
1e-5,1e-8,1e-9,350.6366594032373
1e-5,1e-9,1e-9,348.3155851253813
1e-6,1e-1,1e-9,401.84205189586453
1e-6,1e-10,1e-9,338.7344177631649
1e-6,1e-2,1e-9,331.19792793127255
1e-6,1e-3,1e-9,343.0581645103018
1e-6,1e-4,1e-9,341.1605967423013
1e-6,1e-5,1e-9,349.0243488796293
1e-6,1e-6,1e-9,298.38986716967867
1e-6,1e-7,1e-9,332.6541934233211
1e-6,1e-8,1e-9,421.66047026109686
1e-6,1e-9,1e-9,316.1627913869579
1e-7,1e-1,1e-9,386.47981954670735
1e-7,1e-10,1e-9,326.7513541252746
1e-7,1e-2,1e-9,359.52862363740934
1e-7,1e-3,1e-9,336.5515081052809
1e-7,1e-4,1e-9,317.74810856935653
1e-7,1e-5,1e-9,322.8489017142258
1e-7,1e-6,1e-9,340.1689906640519
1e-7,1e-7,1e-9,330.01545986289955
1e-7,1e-8,1e-9,348.8348630762314
1e-7,1e-9,1e-9,337.179566004817
1e-8,1e-1,1e-9,365.15403243588037
1e-8,1e-10,1e-9,321.9344814066807
1e-8,1e-2,1e-9,334.3067970947305
1e-8,1e-3,1e-9,365.39075536155076
1e-8,1e-4,1e-9,335.0225451826984
1e-8,1e-5,1e-9,354.7807313328944
1e-8,1e-6,1e-9,344.4918299546986
1e-8,1e-7,1e-9,389.24134606059465
1e-8,1e-8,1e-9,367.42452679765313
1e-8,1e-9,1e-9,322.8466593143775
1e-9,1e-1,1e-9,307.78586258599273
1e-9,1e-10,1e-9,326.4197969806815
1e-9,1e-2,1e-9,356.722147892407
1e-9,1e-3,1e-9,365.9617882116298
1e-9,1e-4,1e-9,352.00955648150165
1e-9,1e-5,1e-9,319.37488103371993
1e-9,1e-6,1e-9,377.3935935514013
1e-9,1e-7,1e-9,363.48493288354103
1e-9,1e-8,1e-9,321.3950471309885
1e-9,1e-9,1e-9,340.7734822735283
